,,JAVA,CLASSES,PKG,BWR,SAR,FANIN,FANOUT,CC,CCM,CCS,EC,KNTS,NPATH,NPLOG,PL,LOC,DLOC,ELOC,CLOC,BL,NV,AM,NPRM,NPM,PM,LM,STMT,DSTMT,ESTMT,CCR,WMC,NOC,DIT,LCOM,CBO,RFC,NIV,questions
2014,6,0.8000000000000103,0.8,0.0,0.19999999999999685,1.0,0.20978298990378533,0.20831972728873568,0.2152460067228748,0.21617680797498154,0.21433330810279994,0.1999999999999981,0.22941301901927572,0.21928346611611918,0.5461528126593638,0.2161166107521159,0.2284095378206333,0.2,0.24446065469134431,0.19999999999997786,0.19999999999999302,0.19999999999999737,0.19999999999998128,0.19999999999998969,0.20000000000001278,0.8000000000002917,0.20000000000001306,0.2212304610963391,0.2000000000000033,0.23603310671004035,0.1999999999999912,0.22908093278463618,0.19999999999999166,0.8000000000000559,0.8,1.0,0.19999999999998128,0.2000000000000059,0.0
2014,7,1.0,1.0,0.0,0.0,0.5275481625013568,0.0,0.0,0.0,0.0,0.0,0.0,0.0,0.0,0.0,0.0,0.0,0.0,0.0,0.0,0.0,0.0,0.0,0.0,0.0,1.0,0.0,0.0,0.0,0.0,0.0,0.0,0.0,1.0,1.0,0.0,0.0,0.0,0.0
2014,8,0.0,0.0,0.0,1.0,0.0,1.0,1.0,1.0,1.0,1.0,1.0,1.0,1.0,1.0,1.0,1.0,1.0,1.0,1.0,1.0,1.0,1.0,1.0,1.0,0.0,1.0,1.0,1.0,1.0,1.0,1.0,1.0,0.0,0.0,0.7820069204148783,1.0,1.0,0.0
2014,10,0.0,0.0,0.0,1.0,0.0,1.0,1.0,1.0,1.0,1.0,1.0,1.0,1.0,1.0,1.0,1.0,1.0,1.0,1.0,1.0,1.0,1.0,1.0,1.0,0.0,1.0,1.0,1.0,1.0,1.0,1.0,1.0,0.0,0.0,0.7820069204148783,1.0,1.0,1.0
